,Parameters,PDB,State,Pocket,Type,Filter,Score,Drug score,a-sphere,SASA,Volume,Hydrophobic density,Apolar a-sphere proportion,Hydrophobicity score,Polarity score,PocketNT,Pocket npr1,Pocket npr2,Pocket overlap,Ligand overlap,Center criteria,Ligand npr1,Ligand npr2,QED score
0,-m 3.0 -M 5.7 -i 42 -D 1.65,1lvj,3,1,Known,Pass,0.35,0.47,128,1.4e+02,4.4e+02,11,0.12,8.6,2,"[22, 23, 24, 25, 26, 39, 40]",0.48,0.69,0.96,0.89,0.72,0.5,0.61,0.76
,Parameters,PDB,State,Pocket,Type,Filter,Score,Drug score,a-sphere,SASA,Volume,Hydrophobic density,Apolar a-sphere proportion,Hydrophobicity score,Polarity score,PocketNT,Pocket npr1,Pocket npr2,Pocket overlap,Ligand overlap,Center criteria,Ligand npr1,Ligand npr2,QED score
0,-m 3.0 -M 5.7 -i 42 -D 1.65,1ykv,,1,Known,Pass,0.45,0.12,48,61,2.3e+02,13,0.29,-19,2,"[102, 103]",0.44,0.78,0.94,0.5,0.38,0.32,0.98,0.64
,Parameters,PDB,State,Pocket,Type,Filter,Score,Drug score,a-sphere,SASA,Volume,Hydrophobic density,Apolar a-sphere proportion,Hydrophobicity score,Polarity score,PocketNT,Pocket npr1,Pocket npr2,Pocket overlap,Ligand overlap,Center criteria,Ligand npr1,Ligand npr2,QED score
0,-m 3.0 -M 5.7 -i 42 -D 1.65,2ktz,,1,Known,Pass,0.31,0.26,121,1.6e+02,4.7e+02,15,0.21,-1.8,6,"[4, 5, 6, 7, 9, 10, 11, 33, 34]",0.25,0.88,1,0.75,0.76,0.28,0.78,0.87
,Parameters,PDB,State,Pocket,Type,Filter,Score,Drug score,a-sphere,SASA,Volume,Hydrophobic density,Apolar a-sphere proportion,Hydrophobicity score,Polarity score,PocketNT,Pocket npr1,Pocket npr2,Pocket overlap,Ligand overlap,Center criteria,Ligand npr1,Ligand npr2,QED score
0,-m 3.0 -M 5.7 -i 42 -D 1.65,2qwy,,1,Known,Pass,0.39,0.021,60,72,2.2e+02,10,0.18,-6.3,2,"[10, 11, 21, 22, 44, 45]",0.41,0.81,1,0.59,0.64,0.27,0.82,0.34
1,-m 3.0 -M 5.7 -i 42 -D 1.65,2qwy,,2,Novel,Pass,0.17,0.091,56,1.4e+02,3.1e+02,16,0.3,3.7,2,"[15, 51, 52]",0.49,0.63,0,0,18,,,
,Parameters,PDB,State,Pocket,Type,Filter,Score,Drug score,a-sphere,SASA,Volume,Hydrophobic density,Apolar a-sphere proportion,Hydrophobicity score,Polarity score,PocketNT,Pocket npr1,Pocket npr2,Pocket overlap,Ligand overlap,Center criteria,Ligand npr1,Ligand npr2,QED score
0,-m 3.0 -M 5.7 -i 42 -D 1.65,3d0u,,1,Known,Pass,0.58,0.02,123,1.3e+02,4.7e+02,0,0.008,3,9,"[8, 9, 10, 11, 76, 77, 78, 111, 112, 113, 136, 137, 152]",0.14,0.98,0.67,1,0.87,0.11,0.91,0.43
,Parameters,PDB,State,Pocket,Type,Filter,Score,Drug score,a-sphere,SASA,Volume,Hydrophobic density,Apolar a-sphere proportion,Hydrophobicity score,Polarity score,PocketNT,Pocket npr1,Pocket npr2,Pocket overlap,Ligand overlap,Center criteria,Ligand npr1,Ligand npr2,QED score
0,-m 3.0 -M 5.7 -i 42 -D 1.65,3q50,,1,Known,Pass,0.42,0.081,78,82,2.1e+02,2,0.038,14,3,"[5, 6, 7, 11, 15, 16, 29]",0.4,0.81,1,1,0.82,0.27,0.73,0.46
,Parameters,PDB,State,Pocket,Type,Filter,Score,Drug score,a-sphere,SASA,Volume,Hydrophobic density,Apolar a-sphere proportion,Hydrophobicity score,Polarity score,PocketNT,Pocket npr1,Pocket npr2,Pocket overlap,Ligand overlap,Center criteria,Ligand npr1,Ligand npr2,QED score
0,-m 3.0 -M 5.7 -i 42 -D 1.65,3ski,,1,Known,Pass,0.27,0.001,93,1.9e+02,4.8e+02,0,0,20,4,"[30, 31, 53, 54, 55, 56, 57, 58, 59, 80, 81]",0.47,0.77,0.66,1,0.85,0.27,0.89,0.51
1,-m 3.0 -M 5.7 -i 42 -D 1.65,3ski,,2,Novel,Pass,0.23,0.4,49,92,2.4e+02,6,0.14,15,4,"[31, 32, 33, 59, 60, 61, 79, 80]",0.29,0.96,0.12,0.16,4.6,,,
2,-m 3.0 -M 5.7 -i 42 -D 1.65,3ski,,3,Novel,Pass,0.07,0.003,50,1e+02,2.1e+02,2,0.06,7.1,3,"[33, 35, 36, 48, 49, 50, 51]",0.66,0.7,0,0,14,,,
,Parameters,PDB,State,Pocket,Type,Filter,Score,Drug score,a-sphere,SASA,Volume,Hydrophobic density,Apolar a-sphere proportion,Hydrophobicity score,Polarity score,PocketNT,Pocket npr1,Pocket npr2,Pocket overlap,Ligand overlap,Center criteria,Ligand npr1,Ligand npr2,QED score
0,-m 3.0 -M 5.7 -i 42 -D 1.65,4jf2,,1,Novel,Pass,0.37,0.29,96,2e+02,6e+02,2.9,0.094,5.5,8,"[41, 42, 52, 53, 54, 55, 56, 57, 58, 59, 60, 65, 66, 67, 68, 69, 70]",0.44,0.74,0,0,15,,,
1,-m 3.0 -M 5.7 -i 42 -D 1.65,4jf2,,2,Known,Pass,0.22,0,58,80,2.2e+02,0,0,-2.8,3,"[30, 31, 41, 42, 70, 71]",0.59,0.7,1,1,0.7,0.31,0.72,0.46
,Parameters,PDB,State,Pocket,Type,Filter,Score,Drug score,a-sphere,SASA,Volume,Hydrophobic density,Apolar a-sphere proportion,Hydrophobicity score,Polarity score,PocketNT,Pocket npr1,Pocket npr2,Pocket overlap,Ligand overlap,Center criteria,Ligand npr1,Ligand npr2,QED score
0,-m 3.0 -M 5.7 -i 42 -D 1.65,4lx5,,1,Known,Pass,0.54,0,51,39,1.8e+02,0,0.02,7,3,"[21, 22, 47, 50, 51, 52, 73, 74, 75]",0.56,0.79,1,1,0.39,0.33,0.67,0.55
,Parameters,PDB,State,Pocket,Type,Filter,Score,Drug score,a-sphere,SASA,Volume,Hydrophobic density,Apolar a-sphere proportion,Hydrophobicity score,Polarity score,PocketNT,Pocket npr1,Pocket npr2,Pocket overlap,Ligand overlap,Center criteria,Ligand npr1,Ligand npr2,QED score
0,-m 3.0 -M 5.7 -i 42 -D 1.65,5btp,,1,Known,Pass,0.42,0.005,80,68,2.4e+02,6,0.087,-1.3,4,"[16, 17, 34, 35, 63, 70, 71]",0.5,0.79,1,0.82,0.48,0.19,0.88,0.31
1,-m 3.0 -M 5.7 -i 42 -D 1.65,5btp,,2,Novel,Pass,0.18,0.31,95,1.5e+02,3.6e+02,15,0.17,0.67,4,"[21, 22, 23, 24, 64, 65]",0.54,0.7,0,0,16,,,
,Parameters,PDB,State,Pocket,Type,Filter,Score,Drug score,a-sphere,SASA,Volume,Hydrophobic density,Apolar a-sphere proportion,Hydrophobicity score,Polarity score,PocketNT,Pocket npr1,Pocket npr2,Pocket overlap,Ligand overlap,Center criteria,Ligand npr1,Ligand npr2,QED score
0,-m 3.0 -M 5.7 -i 42 -D 1.65,5kpy,,1,Known,Pass,0.34,0.26,47,74,1.4e+02,15,0.34,-14,2,"[46, 48, 49, 51]",0.53,0.75,1,0.75,0.25,0.23,0.87,0.62
,Parameters,PDB,State,Pocket,Type,Filter,Score,Drug score,a-sphere,SASA,Volume,Hydrophobic density,Apolar a-sphere proportion,Hydrophobicity score,Polarity score,PocketNT,Pocket npr1,Pocket npr2,Pocket overlap,Ligand overlap,Center criteria,Ligand npr1,Ligand npr2,QED score
0,-m 3.0 -M 5.7 -i 42 -D 1.65,5ob3,,1,Known,Pass,0.38,0.36,140,1.6e+02,5e+02,12,0.12,-5.6,8,"[15, 16, 21, 22, 23, 42, 43, 44, 45, 46, 50, 51]",0.23,0.95,0.93,1,0.97,0.18,0.83,0.86
,Parameters,PDB,State,Pocket,Type,Filter,Score,Drug score,a-sphere,SASA,Volume,Hydrophobic density,Apolar a-sphere proportion,Hydrophobicity score,Polarity score,PocketNT,Pocket npr1,Pocket npr2,Pocket overlap,Ligand overlap,Center criteria,Ligand npr1,Ligand npr2,QED score
0,-m 3.0 -M 5.7 -i 42 -D 1.65,6gzr,4,1,Known,Pass,0.46,0.48,92,1.1e+02,3.3e+02,16,0.24,1.3,4,"[7, 8, 24, 25, 26, 40, 41]",0.27,0.88,1,0.81,1.1,0.51,0.59,0.38
,Parameters,PDB,State,Pocket,Type,Filter,Score,Drug score,a-sphere,SASA,Volume,Hydrophobic density,Apolar a-sphere proportion,Hydrophobicity score,Polarity score,PocketNT,Pocket npr1,Pocket npr2,Pocket overlap,Ligand overlap,Center criteria,Ligand npr1,Ligand npr2,QED score
0,-m 3.0 -M 5.7 -i 42 -D 1.65,6up0,,1,Known,Pass,0.34,0.46,159,1.6e+02,5.2e+02,18,0.15,-12,6,"[10, 14, 15, 17, 19, 21, 22, 23]",0.33,0.78,0.93,1,1.4,0.11,0.89,0.66
,Parameters,PDB,State,Pocket,Type,Filter,Score,Drug score,a-sphere,SASA,Volume,Hydrophobic density,Apolar a-sphere proportion,Hydrophobicity score,Polarity score,PocketNT,Pocket npr1,Pocket npr2,Pocket overlap,Ligand overlap,Center criteria,Ligand npr1,Ligand npr2,QED score
0,-m 3.0 -M 5.7 -i 42 -D 1.65,6va4,,1,Known,Pass,0.28,0.23,85,1.3e+02,4e+02,15,0.21,10,3,"[5, 6, 7, 16, 17]",0.34,0.81,0.98,0.66,0.83,0.4,0.82,0.7
,Parameters,PDB,State,Pocket,Type,Filter,Score,Drug score,a-sphere,SASA,Volume,Hydrophobic density,Apolar a-sphere proportion,Hydrophobicity score,Polarity score,PocketNT,Pocket npr1,Pocket npr2,Pocket overlap,Ligand overlap,Center criteria,Ligand npr1,Ligand npr2,QED score
0,-m 3.0 -M 5.7 -i 42 -D 1.65,6xb7,3,1,Known,Pass,0.4,0.29,102,1.7e+02,5.9e+02,8.3,0.14,-14,7,"[6, 7, 8, 9, 10, 12, 13, 35, 36, 37]",0.47,0.84,0.6,0.67,2.7,0.31,0.7,0.4
,Parameters,PDB,State,Pocket,Type,Filter,Score,Drug score,a-sphere,SASA,Volume,Hydrophobic density,Apolar a-sphere proportion,Hydrophobicity score,Polarity score,PocketNT,Pocket npr1,Pocket npr2,Pocket overlap,Ligand overlap,Center criteria,Ligand npr1,Ligand npr2,QED score
0,-m 3.0 -M 5.7 -i 42 -D 1.65,6xjq,,1,Known,Pass,0.38,0.009,96,1.1e+02,4.4e+02,3.7,0.062,-5.9,6,"[14, 15, 16, 17, 42, 43, 45, 46]",0.47,0.7,0.99,1,0.85,0.18,0.85,0.25
1,-m 3.0 -M 5.7 -i 42 -D 1.65,6xjq,,2,Novel,Pass,0.26,0.006,49,64,2.5e+02,2,0.061,2.2,2,"[30, 31, 33, 34, 35]",0.31,0.93,0,0,25,,,
,Parameters,PDB,State,Pocket,Type,Filter,Score,Drug score,a-sphere,SASA,Volume,Hydrophobic density,Apolar a-sphere proportion,Hydrophobicity score,Polarity score,PocketNT,Pocket npr1,Pocket npr2,Pocket overlap,Ligand overlap,Center criteria,Ligand npr1,Ligand npr2,QED score
0,-m 3.0 -M 5.7 -i 42 -D 1.65,6yl5,,1,Known,Pass,0.26,0.28,97,1.7e+02,4.8e+02,5,0.062,8.5,3,"[15, 16, 22, 23, 24, 44, 45, 46]",0.53,0.68,0.94,0.82,1.3,0.32,0.76,0.35
,Parameters,PDB,State,Pocket,Type,Filter,Score,Drug score,a-sphere,SASA,Volume,Hydrophobic density,Apolar a-sphere proportion,Hydrophobicity score,Polarity score,PocketNT,Pocket npr1,Pocket npr2,Pocket overlap,Ligand overlap,Center criteria,Ligand npr1,Ligand npr2,QED score
0,-m 3.0 -M 5.7 -i 42 -D 1.65,7dwh,,1,Known,Pass,0.37,0.083,44,70,1.7e+02,15,0.36,0.2,3,"[9, 10, 11, 37, 38]",0.51,0.75,1,0.5,0.96,0.19,0.88,0.34
,Parameters,PDB,State,Pocket,Type,Filter,Score,Drug score,a-sphere,SASA,Volume,Hydrophobic density,Apolar a-sphere proportion,Hydrophobicity score,Polarity score,PocketNT,Pocket npr1,Pocket npr2,Pocket overlap,Ligand overlap,Center criteria,Ligand npr1,Ligand npr2,QED score
0,-m 3.0 -M 5.7 -i 42 -D 1.65,7eoh,,1,Known,Pass,0.4,0.88,165,1.4e+02,5e+02,20,0.16,8.5,3,"[8, 9, 10, 33, 40, 41, 42, 43]",0.26,0.84,1,1,0.45,0.088,0.93,0.68
,Parameters,PDB,State,Pocket,Type,Filter,Score,Drug score,a-sphere,SASA,Volume,Hydrophobic density,Apolar a-sphere proportion,Hydrophobicity score,Polarity score,PocketNT,Pocket npr1,Pocket npr2,Pocket overlap,Ligand overlap,Center criteria,Ligand npr1,Ligand npr2,QED score
0,-m 3.0 -M 5.7 -i 42 -D 1.65,7fj0,,1,Known,Pass,0.29,0.28,76,1.4e+02,4e+02,17,0.24,0.2,3,"[4, 5, 15, 16, 17]",0.27,0.88,0.97,0.64,0.55,0.17,0.93,0.63
,Parameters,PDB,State,Pocket,Type,Filter,Score,Drug score,a-sphere,SASA,Volume,Hydrophobic density,Apolar a-sphere proportion,Hydrophobicity score,Polarity score,PocketNT,Pocket npr1,Pocket npr2,Pocket overlap,Ligand overlap,Center criteria,Ligand npr1,Ligand npr2,QED score
0,-m 3.0 -M 5.7 -i 42 -D 1.65,7kvt,,1,Known,Pass,0.29,0.79,171,1.7e+02,5.6e+02,18,0.12,-16,7,"[13, 14, 15, 39, 40, 47, 48, 69, 70]",0.37,0.79,0.74,1,1.6,0.12,0.91,0.67
,Parameters,PDB,State,Pocket,Type,Filter,Score,Drug score,a-sphere,SASA,Volume,Hydrophobic density,Apolar a-sphere proportion,Hydrophobicity score,Polarity score,PocketNT,Pocket npr1,Pocket npr2,Pocket overlap,Ligand overlap,Center criteria,Ligand npr1,Ligand npr2,QED score
0,-m 3.0 -M 5.7 -i 42 -D 1.65,7oaw,,1,Known,Pass,0.32,0.052,142,2.1e+02,7.3e+02,3,0.042,0.67,9,"[9, 10, 13, 14, 15, 16, 30, 31, 32, 37, 39, 40]",0.25,0.86,0.73,0.79,0.81,0.1,0.93,0.62
,Parameters,PDB,State,Pocket,Type,Filter,Score,Drug score,a-sphere,SASA,Volume,Hydrophobic density,Apolar a-sphere proportion,Hydrophobicity score,Polarity score,PocketNT,Pocket npr1,Pocket npr2,Pocket overlap,Ligand overlap,Center criteria,Ligand npr1,Ligand npr2,QED score
0,-m 3.0 -M 5.7 -i 42 -D 1.65,8eyu,,1,Known,Pass,0.039,0.23,175,2.3e+02,6e+02,27,0.2,-6.9,5,"[16, 17, 26, 34, 35, 37, 38, 39]",0.48,0.64,0.95,1,0.67,0.27,0.73,0.68
,Parameters,PDB,State,Pocket,Type,Filter,Score,Drug score,a-sphere,SASA,Volume,Hydrophobic density,Apolar a-sphere proportion,Hydrophobicity score,Polarity score,PocketNT,Pocket npr1,Pocket npr2,Pocket overlap,Ligand overlap,Center criteria,Ligand npr1,Ligand npr2,QED score
0,-m 3.0 -M 5.7 -i 42 -D 1.65,8hb3,,1,Known,Pass,0.37,0.41,87,1.1e+02,3.5e+02,9.5,0.13,11,4,"[5, 6, 7, 32, 33, 34, 46, 47]",0.45,0.73,1,0.97,1.1,0.27,0.85,0.45
1,-m 3.0 -M 5.7 -i 42 -D 1.65,8hb3,,2,Novel,Pass,0.052,0.032,47,1.1e+02,2.1e+02,6,0.15,6.8,5,"[9, 10, 12, 13, 14, 48, 51, 52, 53]",0.54,0.73,0,0,12,,,
,Parameters,PDB,State,Pocket,Type,Filter,Score,Drug score,a-sphere,SASA,Volume,Hydrophobic density,Apolar a-sphere proportion,Hydrophobicity score,Polarity score,PocketNT,Pocket npr1,Pocket npr2,Pocket overlap,Ligand overlap,Center criteria,Ligand npr1,Ligand npr2,QED score
0,-m 3.0 -M 5.7 -i 42 -D 1.65,1f27,,1,Known,Pass,0.41,0.38,56,69,2.3e+02,5,0.11,3.1,4,"[6, 7, 8, 16, 17, 26, 27]",0.66,0.77,1,0.75,1.1,0.14,0.96,0.49
,Parameters,PDB,State,Pocket,Type,Filter,Score,Drug score,a-sphere,SASA,Volume,Hydrophobic density,Apolar a-sphere proportion,Hydrophobicity score,Polarity score,PocketNT,Pocket npr1,Pocket npr2,Pocket overlap,Ligand overlap,Center criteria,Ligand npr1,Ligand npr2,QED score
0,-m 3.0 -M 5.7 -i 42 -D 1.65,1q8n,,1,Known,Pass,0.32,0.7,212,2e+02,6.4e+02,31,0.22,-2.6,7,"[3, 7, 8, 23, 24, 25, 27, 28, 29, 30]",0.4,0.73,0.96,1,0.82,0.37,0.68,0.76
,Parameters,PDB,State,Pocket,Type,Filter,Score,Drug score,a-sphere,SASA,Volume,Hydrophobic density,Apolar a-sphere proportion,Hydrophobicity score,Polarity score,PocketNT,Pocket npr1,Pocket npr2,Pocket overlap,Ligand overlap,Center criteria,Ligand npr1,Ligand npr2,QED score
0,-m 3.0 -M 5.7 -i 42 -D 1.65,2gdi,,1,Known,Pass,0.5,0.093,73,97,3.6e+02,3,0.055,12,5,"[19, 20, 39, 40, 42, 43, 57, 58, 72, 73, 74]",0.52,0.7,0.82,0.65,0.85,0.09,0.98,0.35
,Parameters,PDB,State,Pocket,Type,Filter,Score,Drug score,a-sphere,SASA,Volume,Hydrophobic density,Apolar a-sphere proportion,Hydrophobicity score,Polarity score,PocketNT,Pocket npr1,Pocket npr2,Pocket overlap,Ligand overlap,Center criteria,Ligand npr1,Ligand npr2,QED score
0,-m 3.0 -M 5.7 -i 42 -D 1.65,3e5c,,1,Novel,Pass,0.52,0.33,75,98,3.2e+02,4,0.08,-0.8,7,"[10, 11, 12, 28, 29, 31, 32, 33, 34, 36]",0.4,0.79,0,0,11,,,
1,-m 3.0 -M 5.7 -i 42 -D 1.65,3e5c,,2,Known,Pass,0.16,0,48,1.1e+02,2.8e+02,0,0,-16,7,"[7, 29, 36, 37, 38, 39, 47, 48]",0.41,0.87,0.98,0.78,0.9,0.44,0.76,0.34
,Parameters,PDB,State,Pocket,Type,Filter,Score,Drug score,a-sphere,SASA,Volume,Hydrophobic density,Apolar a-sphere proportion,Hydrophobicity score,Polarity score,PocketNT,Pocket npr1,Pocket npr2,Pocket overlap,Ligand overlap,Center criteria,Ligand npr1,Ligand npr2,QED score
0,-m 3.0 -M 5.7 -i 42 -D 1.65,3f2y,,1,Novel,Pass,0.31,0.011,53,84,2.3e+02,5,0.11,6.7,2,"[40, 41, 42, 43, 64, 65, 74, 75, 76]",0.21,0.95,0,0,12,,,
1,-m 3.0 -M 5.7 -i 42 -D 1.65,3f2y,,2,Known,Pass,0.28,0.004,87,1.8e+02,4.5e+02,1,0.023,-12,12,"[10, 11, 12, 32, 33, 41, 47, 48, 61, 62, 84, 85, 93]",0.33,0.89,0.69,0.35,2.1,0.26,0.78,0.18
2,-m 3.0 -M 5.7 -i 42 -D 1.65,3f2y,,3,Known,Pass,0.25,0.43,81,1.5e+02,4e+02,17,0.22,-19,6,"[48, 49, 61, 62, 84, 85, 99]",0.31,0.95,0.86,0.71,0.82,0.26,0.78,0.18
3,-m 3.0 -M 5.7 -i 42 -D 1.65,3f2y,,4,Novel,Pass,0.068,0,45,1.3e+02,3.1e+02,0,0,-6.9,5,"[85, 86, 87, 88, 89, 92, 93, 94]",0.4,0.92,0,0,9.4,,,
,Parameters,PDB,State,Pocket,Type,Filter,Score,Drug score,a-sphere,SASA,Volume,Hydrophobic density,Apolar a-sphere proportion,Hydrophobicity score,Polarity score,PocketNT,Pocket npr1,Pocket npr2,Pocket overlap,Ligand overlap,Center criteria,Ligand npr1,Ligand npr2,QED score
0,-m 3.0 -M 5.7 -i 42 -D 1.65,3npq,,1,Known,Pass,0.44,0.21,54,72,2.6e+02,13,0.26,0.2,3,"[14, 15, 16, 29, 31]",0.33,0.89,0.93,0.5,0.54,0.16,0.89,0.35
1,-m 3.0 -M 5.7 -i 42 -D 1.65,3npq,,2,Known,Pass,0.4,0,48,66,2.8e+02,1,0.042,-1.8,4,"[29, 30, 31, 32, 47]",0.54,0.81,0.96,0.46,1,0.16,0.89,0.35
,Parameters,PDB,State,Pocket,Type,Filter,Score,Drug score,a-sphere,SASA,Volume,Hydrophobic density,Apolar a-sphere proportion,Hydrophobicity score,Polarity score,PocketNT,Pocket npr1,Pocket npr2,Pocket overlap,Ligand overlap,Center criteria,Ligand npr1,Ligand npr2,QED score
0,-m 3.0 -M 5.7 -i 42 -D 1.65,4b5r,,1,Novel,Pass,0.5,0.001,44,71,2.1e+02,0,0.023,10,3,"[24, 25, 64, 65, 66, 67, 86, 87]",0.35,0.87,0,0,10,,,
1,-m 3.0 -M 5.7 -i 42 -D 1.65,4b5r,,2,Novel,Pass,0.42,0.001,43,81,2.3e+02,0,0,-8.1,5,"[9, 63, 64, 66, 67, 68, 83, 84, 85]",0.3,0.92,0,0,12,,,
2,-m 3.0 -M 5.7 -i 42 -D 1.65,4b5r,,3,Known,Pass,0.28,0,44,1.4e+02,4e+02,0,0,4.6,3,"[6, 7, 46, 47, 48, 88, 89]",0.61,0.64,0.59,0.41,1.9,0.55,0.64,0.34
,Parameters,PDB,State,Pocket,Type,Filter,Score,Drug score,a-sphere,SASA,Volume,Hydrophobic density,Apolar a-sphere proportion,Hydrophobicity score,Polarity score,PocketNT,Pocket npr1,Pocket npr2,Pocket overlap,Ligand overlap,Center criteria,Ligand npr1,Ligand npr2,QED score
0,-m 3.0 -M 5.7 -i 42 -D 1.65,4rzd,,1,Known,Pass,0.43,0,46,66,1.7e+02,0,0,-5.8,3,"[7, 8, 17, 18, 84, 85]",0.43,0.87,1,1,0.65,0.33,0.7,0.46
,Parameters,PDB,State,Pocket,Type,Filter,Score,Drug score,a-sphere,SASA,Volume,Hydrophobic density,Apolar a-sphere proportion,Hydrophobicity score,Polarity score,PocketNT,Pocket npr1,Pocket npr2,Pocket overlap,Ligand overlap,Center criteria,Ligand npr1,Ligand npr2,QED score
0,-m 3.0 -M 5.7 -i 42 -D 1.65,6fz0,,1,Known,Pass,0.31,0.34,70,78,2.2e+02,16,0.24,-9.4,3,"[7, 8, 9, 20, 21, 47, 48]",0.6,0.7,1,0.63,0.18,0.27,0.84,0.34
1,-m 3.0 -M 5.7 -i 42 -D 1.65,6fz0,,2,Novel,Pass,0.22,0.002,85,2.1e+02,5e+02,2,0.035,-9.5,5,"[9, 10, 11, 15, 16, 17, 18, 19, 20, 49, 50]",0.49,0.64,0.32,0.39,2.5,,,
,Parameters,PDB,State,Pocket,Type,Filter,Score,Drug score,a-sphere,SASA,Volume,Hydrophobic density,Apolar a-sphere proportion,Hydrophobicity score,Polarity score,PocketNT,Pocket npr1,Pocket npr2,Pocket overlap,Ligand overlap,Center criteria,Ligand npr1,Ligand npr2,QED score
0,-m 3.0 -M 5.7 -i 42 -D 1.65,6las,,1,Known,Pass,0.44,0,61,68,2e+02,0,0.016,-8.1,6,"[7, 8, 9, 32, 33, 34, 36, 37]",0.48,0.76,1,0.63,0.83,0.35,0.75,0.34
,Parameters,PDB,State,Pocket,Type,Filter,Score,Drug score,a-sphere,SASA,Volume,Hydrophobic density,Apolar a-sphere proportion,Hydrophobicity score,Polarity score,PocketNT,Pocket npr1,Pocket npr2,Pocket overlap,Ligand overlap,Center criteria,Ligand npr1,Ligand npr2,QED score
0,-m 3.0 -M 5.7 -i 42 -D 1.65,6ubu,,1,Known,Pass,0.54,0.001,44,37,1.5e+02,0,0,1.6,3,"[21, 22, 47, 50, 51, 52, 73, 74, 75]",0.57,0.77,1,1,0.45,0.35,0.65,0.46
,Parameters,PDB,State,Pocket,Type,Filter,Score,Drug score,a-sphere,SASA,Volume,Hydrophobic density,Apolar a-sphere proportion,Hydrophobicity score,Polarity score,PocketNT,Pocket npr1,Pocket npr2,Pocket overlap,Ligand overlap,Center criteria,Ligand npr1,Ligand npr2,QED score
0,-m 3.0 -M 5.7 -i 42 -D 1.65,7elr,,1,Known,Pass,0.34,0.28,89,1.2e+02,3.5e+02,13,0.16,-15,8,"[6, 7, 10, 35, 36, 37, 38, 39, 40, 41]",0.47,0.72,0.81,1,0.89,0.36,0.64,0.45
,Parameters,PDB,State,Pocket,Type,Filter,Score,Drug score,a-sphere,SASA,Volume,Hydrophobic density,Apolar a-sphere proportion,Hydrophobicity score,Polarity score,PocketNT,Pocket npr1,Pocket npr2,Pocket overlap,Ligand overlap,Center criteria,Ligand npr1,Ligand npr2,QED score
0,-m 3.0 -M 5.7 -i 42 -D 1.65,8d2b,,1,Known,Pass,0.36,0.27,73,1e+02,2.8e+02,6,0.096,4,3,"[6, 7, 8, 22, 23, 24, 26, 28]",0.58,0.68,1,0.7,0.64,0.17,0.84,0.83
