,Parameters,PDB,Name,State,Pocket,Type,Filter,Score,Drug score,a-sphere,SASA,Volume,Hydrophobic density,Apolar a-sphere proportion,Hydrophobicity score,Polarity score,PocketNT,Pocket npr1,Pocket npr2,Pocket overlap,Ligand overlap,Center criteria,Ligand npr1,Ligand npr2,QED score
0,-m 3.0 -M 5.7 -i 42 -D 1.65 -A 3 -p 0.0,2gdi,TPP,holo,1,Known,Pass,0.5,0.093,73,97,3.7e+02,3,0.055,12,5,"[19, 20, 39, 40, 42, 43, 57, 58, 72, 73, 74]",0.52,0.7,0.82,0.65,0.85,0.09,0.98,0.35
0,-m 3.0 -M 5.7 -i 42 -D 1.65 -A 3 -p 0.0,3iqr,SAM-I,holo,1,Novel,Pass,0.48,0.002,60,1.1e+02,3.1e+02,0,0.017,7.7,6,"[23, 24, 25, 26, 27, 28, 29, 64, 65, 66, 67, 68, 85]",0.26,0.96,0,0,17,,,
1,-m 3.0 -M 5.7 -i 42 -D 1.65 -A 3 -p 0.0,3iqr,SAM-I,holo,2,Novel,Pass,0.25,0.001,59,1.7e+02,3.6e+02,0,0,-4.4,7,"[9, 63, 64, 66, 67, 68, 69, 70, 80, 81, 82, 83, 84, 85]",0.31,0.87,0,0,14,,,
0,-m 3.0 -M 5.7 -i 42 -D 1.65 -A 3 -p 0.0,5kx9,FMN,holo,1,Known,Pass,0.27,0.57,76,1.4e+02,3.2e+02,23,0.32,-22,4,"[48, 49, 61, 85, 99]",0.3,0.92,0.88,0.63,0.48,0.4,0.66,0.72
1,-m 3.0 -M 5.7 -i 42 -D 1.65 -A 3 -p 0.0,5kx9,FMN,holo,2,Novel,Pass,0.19,0,52,1.1e+02,3.2e+02,0,0,-12,11,"[10, 11, 12, 32, 33, 41, 47, 48, 62, 84, 93]",0.59,0.73,0.29,0.33,3.3,,,
0,-m 3.0 -M 5.7 -i 42 -D 1.65 -A 3 -p 0.0,5swe,Adenine,holo,1,Known,Pass,0.53,0.001,48,49,1.9e+02,0,0,-3.9,3,"[21, 22, 47, 50, 51, 52, 73, 74, 75]",0.52,0.82,1,1,1.1,0.38,0.62,0.53
0,-m 3.0 -M 5.7 -i 42 -D 1.65 -A 3 -p 0.0,6ck5,PRPP,holo,1,Novel,Pass,0.38,0.4,60,1.2e+02,2.9e+02,8.2,0.18,5.6,3,"[18, 19, 20, 21, 22, 23, 36, 37, 39]",0.48,0.82,0,0,34,,,
0,-m 3.0 -M 5.7 -i 42 -D 1.65 -A 3 -p 0.0,6vui,Pre-Q1,holo,1,Known,Pass,0.35,0.002,78,1e+02,2.7e+02,3,0.051,15,4,"[5, 6, 7, 8, 11, 15, 16, 29, 30]",0.38,0.84,0.99,1,0.68,0.27,0.74,0.46
1,-m 3.0 -M 5.7 -i 42 -D 1.65 -A 3 -p 0.0,6vui,Pre-Q1,holo,2,Novel,Pass,0.17,0.29,68,1.3e+02,3.2e+02,21,0.32,-20,5,"[10, 11, 12, 14, 31, 32]",0.27,0.89,0,0,7.8,,,
0,-m 3.0 -M 5.7 -i 42 -D 1.65 -A 3 -p 0.0,6xjq,biotinylated,holo,1,Known,Pass,0.38,0.009,96,1.1e+02,4.5e+02,3.7,0.062,-5.9,6,"[14, 15, 16, 17, 42, 43, 45, 46]",0.47,0.7,0.99,1,0.85,0.18,0.85,0.25
1,-m 3.0 -M 5.7 -i 42 -D 1.65 -A 3 -p 0.0,6xjq,biotinylated,holo,2,Novel,Pass,0.26,0.006,49,64,2.5e+02,2,0.061,2.2,2,"[30, 31, 33, 34, 35]",0.31,0.93,0,0,25,,,
